year_month,strategy,pnl,pnl_pct,total_trades,completed_trades,winning_trades,losing_trades,win_rate
2025-11,moderate,20.514289240500943,0.2263754374368199,50,25,0,0,0.0
2025-12,moderate,-1.1104960215999427,-0.10881729274231024,2,1,0,0,0.0
